Description;Seaguard II Platform
Product Name;SeaGuard II
Product Number;5650
Serial Number;2803
Device ID;5650-2803
Session ID;5650-2803-2026-03-18T11:31:05Z
Location;
Geographic Position;
Vertical Position;
Owner;
Reference;
;;DCS #1793;;;;;;;;;;;;;;;;;;;;;;;;;;;Oxygen Optode #4667;;;;;;;;;Pressure Sensor #2535;;;;;System Parameters;;;;;
;;;;;;;;;;;;;;;;;;;;;;;;;;;;;;;;;;;;;;;;;;;;;;;;
;;;;;;;;;;;;;;;;;;;;;;;;;;;;;;;;;;;;;;;;;;;;;;;;
;;;;;;;;;;;;;;;;;;;;;;;;;;;;;;;;;;;;;;;;;;;;;;;;
Record Time;Record Number;Sensor Status;Abs Speed[cm/s];Status;Direction[Deg.M];Status;North[cm/s];Status;East[cm/s];Status;Heading[Deg.M];Status;Tilt X[Deg];Status;Tilt Y[Deg];Status;SP Std[cm/s];Status;Strength[dB];Status;Ping Count;Status;Abs Tilt[Deg];Status;Max Tilt[Deg];Status;Std Tilt[Deg];Status;Sensor Status;O2Concentration[uM];Status;O2Content[mg/l];Status;AirSaturation[%];Status;Temperature[Deg.C];Status;Sensor Status;Pressure[kPa];Status;Temperature[DegC];Status;Sensor Status;Input Voltage[V];Status;Memory Used[Bytes];Status
3/18/2026 9:00:00 PM;23;OK;1.800766;OK;61.64771;OK;0.8551682;OK;1.584754;OK;57.74112;OK;-0.485296;OK;-0.3000588;OK;4.279278;OK;-37.97303;OK;150;OK;0.5705732;OK;0.6058723;OK;0.01459745;OK;OK;373.4635;OK;11.95083;OK;77.89187;OK;-1.696407;OK;OK;261.666;OK;-1.667551;OK;OK;6.656576;OK;12230656;OK
3/18/2026 9:20:00 PM;24;OK;2.360453;OK;19.4548;OK;2.225682;OK;0.7861797;OK;54.2495;OK;-0.478925;OK;-0.2738562;OK;4.492208;OK;-37.51485;OK;150;OK;0.551737;OK;0.6023092;OK;0.01579124;OK;OK;387.9719;OK;12.4151;OK;80.91477;OK;-1.697691;OK;OK;261.7084;OK;-1.666737;OK;OK;6.669473;OK;12230656;OK
3/18/2026 9:40:00 PM;25;OK;3.538411;OK;346.601;OK;3.442096;OK;-0.8199602;OK;50.53327;OK;-0.4603566;OK;-0.2418671;OK;4.030502;OK;-36.61216;OK;150;OK;0.5200307;OK;0.5602303;OK;0.01527536;OK;OK;397.5526;OK;12.72168;OK;82.89264;OK;-1.706043;OK;OK;261.5425;OK;-1.676558;OK;OK;6.626812;OK;12230656;OK
3/18/2026 10:00:00 PM;26;OK;3.146007;OK;338.6871;OK;2.930849;OK;-1.143453;OK;46.25245;OK;-0.472831;OK;-0.2232293;OK;4.25794;OK;-36.7718;OK;150;OK;0.522869;OK;0.5626698;OK;0.01496721;OK;OK;409.5658;OK;13.1061;OK;85.39436;OK;-1.707314;OK;OK;261.4743;OK;-1.677315;OK;OK;6.650623;OK;12230656;OK
3/18/2026 10:20:00 PM;27;OK;3.250303;OK;351.7902;OK;3.216994;OK;-0.4641364;OK;65.75363;OK;-0.4508003;OK;-0.177351;OK;4.714152;OK;-36.71096;OK;150;OK;0.4844851;OK;0.5359537;OK;0.02129947;OK;OK;373.6814;OK;11.9578;OK;77.91009;OK;-1.708347;OK;OK;261.4573;OK;-1.677532;OK;OK;6.675426;OK;12230656;OK
3/18/2026 10:40:00 PM;28;OK;3.200521;OK;306.7235;OK;1.913766;OK;-2.565313;OK;101.508;OK;-0.451345;OK;-0.4152799;OK;3.978711;OK;-36.10184;OK;150;OK;0.6133948;OK;0.6584911;OK;0.01616696;OK;OK;411.9541;OK;13.18253;OK;85.88914;OK;-1.70858;OK;OK;261.338;OK;-1.679104;OK;OK;6.669473;OK;12230656;OK
3/18/2026 11:00:00 PM;29;OK;4.31964;OK;335.18;OK;3.92064;OK;-1.813249;OK;90.70497;OK;-0.5286561;OK;-0.4670901;OK;5.103084;OK;-35.73306;OK;150;OK;0.7054806;OK;0.7480813;OK;0.01662218;OK;OK;406.333;OK;13.00266;OK;84.72509;OK;-1.705391;OK;OK;261.3617;OK;-1.675465;OK;OK;6.662529;OK;12230656;OK
3/18/2026 11:20:00 PM;30;OK;4.33524;OK;333.1292;OK;3.867155;OK;-1.959445;OK;58.62456;OK;-0.4948894;OK;-0.2311209;OK;4.361234;OK;-38.39196;OK;150;OK;0.546252;OK;0.5824907;OK;0.01339091;OK;OK;405.6909;OK;12.98211;OK;84.61222;OK;-1.696913;OK;OK;261.3917;OK;-1.66798;OK;OK;6.662529;OK;12230656;OK
3/18/2026 11:40:00 PM;31;OK;1.45843;OK;324.4609;OK;1.186752;OK;-0.8477251;OK;56.95;OK;-0.4954803;OK;-0.2619179;OK;3.990059;OK;-35.99602;OK;150;OK;0.5604883;OK;0.590498;OK;0.01386526;OK;OK;399.7637;OK;12.79244;OK;83.38016;OK;-1.695185;OK;OK;261.3912;OK;-1.667225;OK;OK;6.675426;OK;12230656;OK
3/19/2026 12:00:00 AM;32;OK;2.450133;OK;289.4968;OK;0.8177404;OK;-2.309643;OK;50.77379;OK;-0.4797929;OK;-0.2857752;OK;4.260472;OK;-36.36224;OK;150;OK;0.5584475;OK;0.5970886;OK;0.01599822;OK;OK;401.4025;OK;12.84488;OK;83.72539;OK;-1.693794;OK;OK;261.3376;OK;-1.663408;OK;OK;6.656576;OK;12230656;OK
3/19/2026 12:20:00 AM;33;OK;0.4770096;OK;182.9364;OK;-0.4763833;OK;-0.02443637;OK;47.19291;OK;-0.4715382;OK;-0.2885724;OK;4.327896;OK;-37.86974;OK;150;OK;0.5528811;OK;0.5878411;OK;0.01417839;OK;OK;402.0874;OK;12.8668;OK;83.88102;OK;-1.68861;OK;OK;261.2921;OK;-1.659063;OK;OK;6.669473;OK;12230656;OK
3/19/2026 12:40:00 AM;34;OK;1.813706;OK;212.3877;OK;-1.531571;OK;-0.9715043;OK;48.90905;OK;-0.48272;OK;-0.2909273;OK;4.688481;OK;-38.59095;OK;150;OK;0.5636789;OK;0.6061952;OK;0.01515082;OK;OK;378.5182;OK;12.11258;OK;78.96532;OK;-1.688089;OK;OK;261.2657;OK;-1.65789;OK;OK;6.669473;OK;12230656;OK
3/19/2026 1:00:00 AM;35;OK;2.47578;OK;188.5493;OK;-2.448269;OK;-0.3680521;OK;35.7113;OK;-0.4438936;OK;-0.3057299;OK;4.943909;OK;-39.2603;OK;150;OK;0.5389056;OK;0.5695826;OK;0.0139279;OK;OK;371.1157;OK;11.8757;OK;77.42578;OK;-1.685984;OK;OK;261.2382;OK;-1.65484;OK;OK;6.675426;OK;12230656;OK
3/19/2026 1:20:00 AM;36;OK;2.849602;OK;142.8003;OK;-2.269802;OK;1.722854;OK;31.46998;OK;-0.4616585;OK;-0.287169;OK;4.364605;OK;-39.55879;OK;150;OK;0.5436878;OK;0.57743;OK;0.0130157;OK;OK;401.9519;OK;12.86246;OK;83.85513;OK;-1.687607;OK;OK;261.1463;OK;-1.659143;OK;OK;6.64467;OK;12230656;OK
3/19/2026 1:40:00 AM;37;OK;1.256621;OK;235.5456;OK;-0.7109341;OK;-1.03618;OK;39.48365;OK;-0.4804023;OK;-0.2336296;OK;4.646623;OK;-39.26117;OK;150;OK;0.5343692;OK;0.5787839;OK;0.01730658;OK;OK;407.8652;OK;13.05169;OK;85.07911;OK;-1.691507;OK;OK;261.0196;OK;-1.662428;OK;OK;6.662529;OK;12226560;OK
3/19/2026 2:00:00 AM;38;OK;2.087422;OK;139.035;OK;-1.576235;OK;1.368508;OK;43.23479;OK;-0.4552415;OK;-0.2558432;OK;4.573012;OK;-40.13754;OK;150;OK;0.5222824;OK;0.5747126;OK;0.0135864;OK;OK;399.5368;OK;12.78518;OK;83.33149;OK;-1.695747;OK;OK;261.1072;OK;-1.665783;OK;OK;6.662529;OK;12226560;OK
3/19/2026 2:20:00 AM;39;OK;1.06604;OK;223.2598;OK;-0.7763475;OK;-0.7305651;OK;26.27909;OK;-0.5008172;OK;-0.2445394;OK;4.265253;OK;-38.48012;OK;150;OK;0.557378;OK;0.5878411;OK;0.01448388;OK;OK;392.7976;OK;12.56952;OK;81.93881;OK;-1.690344;OK;OK;260.9068;OK;-1.660418;OK;OK;6.662529;OK;12226560;OK
3/19/2026 2:40:00 AM;40;OK;2.313315;OK;347.4111;OK;2.257701;OK;-0.5041946;OK;33.02374;OK;-0.4768659;OK;-0.2137519;OK;4.389095;OK;-37.66876;OK;150;OK;0.5229392;OK;0.570955;OK;0.0143257;OK;OK;408.6262;OK;13.07604;OK;85.24332;OK;-1.689295;OK;OK;261.0436;OK;-1.65966;OK;OK;6.675426;OK;12226560;OK
3/19/2026 3:00:00 AM;41;OK;0.5240686;OK;191.0101;OK;-0.5144223;OK;-0.1000879;OK;37.8517;OK;-0.4687405;OK;-0.2480189;OK;4.751126;OK;-39.71349;OK;150;OK;0.5303745;OK;0.5878411;OK;0.01663064;OK;OK;399.1863;OK;12.77396;OK;83.28019;OK;-1.686808;OK;OK;260.8706;OK;-1.657026;OK;OK;6.675426;OK;12226560;OK
3/19/2026 3:20:00 AM;42;OK;0.6134591;OK;248.7823;OK;-0.2220187;OK;-0.5718738;OK;39.66233;OK;-0.4798114;OK;-0.2464521;OK;4.166024;OK;-37.25566;OK;150;OK;0.5394968;OK;0.6003568;OK;0.02837123;OK;OK;394.1042;OK;12.61134;OK;82.20654;OK;-1.692347;OK;OK;260.8554;OK;-1.660526;OK;OK;6.669473;OK;12226560;OK
3/19/2026 3:40:00 AM;43;OK;1.261109;OK;100.3029;OK;-0.2255528;OK;1.240775;OK;33.26889;OK;-0.5058127;OK;-0.2649939;OK;4.183394;OK;-38.16422;OK;150;OK;0.5710223;OK;0.611338;OK;0.01727326;OK;OK;400.2779;OK;12.80889;OK;83.49916;OK;-1.690369;OK;OK;261.0536;OK;-1.662157;OK;OK;6.675426;OK;12226560;OK
3/19/2026 4:00:00 AM;44;OK;3.725175;OK;103.2886;OK;-0.8562547;OK;3.625432;OK;28.28192;OK;-0.5003279;OK;-0.3310868;OK;4.125174;OK;-38.83368;OK;150;OK;0.5999908;OK;0.6480072;OK;0.01671357;OK;OK;406.0039;OK;12.99212;OK;84.68897;OK;-1.692274;OK;OK;260.8395;OK;-1.662754;OK;OK;6.662529;OK;12226560;OK
3/19/2026 4:20:00 AM;45;OK;3.155696;OK;96.69324;OK;-0.3678079;OK;3.134188;OK;34.73209;OK;-0.461123;OK;-0.3488308;OK;4.427152;OK;-37.57957;OK;150;OK;0.5782302;OK;0.6183396;OK;0.01641059;OK;OK;409.8777;OK;13.11608;OK;85.49765;OK;-1.691984;OK;OK;260.864;OK;-1.660526;OK;OK;6.662529;OK;12226560;OK
3/19/2026 4:40:00 AM;46;OK;4.986416;OK;101.9621;OK;-1.033507;OK;4.878136;OK;43.18797;OK;-0.5013251;OK;-0.367863;OK;4.287939;OK;-38.60796;OK;150;OK;0.6219103;OK;0.6617518;OK;0.01757375;OK;OK;406.9584;OK;13.02267;OK;84.91225;OK;-1.682539;OK;OK;260.9879;OK;-1.652206;OK;OK;6.669473;OK;12226560;OK
3/19/2026 5:00:00 AM;47;OK;4.300831;OK;101.6277;OK;-0.8668368;OK;4.21257;OK;44.4585;OK;-0.5036982;OK;-0.2595341;OK;4.124259;OK;-37.8793;OK;150;OK;0.5666523;OK;0.607807;OK;0.01547352;OK;OK;406.8374;OK;13.0188;OK;84.86826;OK;-1.690077;OK;OK;260.7354;OK;-1.660744;OK;OK;6.675426;OK;12226560;OK
3/19/2026 5:20:00 AM;48;OK;3.509618;OK;55.55662;OK;1.985011;OK;2.894331;OK;45.16947;OK;-0.5081394;OK;-0.2459908;OK;4.101811;OK;-36.39788;OK;150;OK;0.5645466;OK;0.5951191;OK;0.01395452;OK;OK;405.6486;OK;12.98076;OK;84.61045;OK;-1.69404;OK;OK;260.6956;OK;-1.665951;OK;OK;6.675426;OK;12226560;OK
3/19/2026 5:40:00 AM;49;OK;3.564801;OK;70.86325;OK;1.168627;OK;3.367806;OK;45.04508;OK;-0.5315831;OK;-0.2391759;OK;4.283774;OK;-37.40617;OK;150;OK;0.5829695;OK;0.6151669;OK;0.01468401;OK;OK;407.0825;OK;13.02664;OK;84.90369;OK;-1.696388;OK;OK;260.6447;OK;-1.667006;OK;OK;6.662529;OK;12226560;OK
3/19/2026 6:00:00 AM;50;OK;4.074123;OK;12.26085;OK;3.981196;OK;0.8651921;OK;43.70244;OK;-0.5322108;OK;-0.1855981;OK;4.603599;OK;-37.58855;OK;150;OK;0.5636802;OK;0.6010083;OK;0.01392698;OK;OK;409.4071;OK;13.10103;OK;85.38393;OK;-1.698242;OK;OK;260.7311;OK;-1.668089;OK;OK;6.662529;OK;12226560;OK
3/19/2026 6:20:00 AM;51;OK;4.200412;OK;40.81799;OK;3.178829;OK;2.745634;OK;43.16096;OK;-0.5313338;OK;-0.2021213;OK;4.509598;OK;-36.66849;OK;150;OK;0.568467;OK;0.6087721;OK;0.01499456;OK;OK;399.8952;OK;12.79665;OK;83.38416;OK;-1.704807;OK;OK;260.7173;OK;-1.673878;OK;OK;6.669473;OK;12226560;OK
3/19/2026 6:40:00 AM;52;OK;4.618493;OK;42.03471;OK;3.430336;OK;3.092454;OK;42.37452;OK;-0.5300594;OK;-0.2453178;OK;4.068783;OK;-36.30017;OK;150;OK;0.58405;OK;0.6186559;OK;0.01448388;OK;OK;402.6167;OK;12.88373;OK;83.94376;OK;-1.708019;OK;OK;260.7705;OK;-1.676878;OK;OK;6.662529;OK;12226560;OK
3/19/2026 7:00:00 AM;53;OK;2.518258;OK;12.93436;OK;2.454363;OK;0.5636733;OK;41.81395;OK;-0.5184531;OK;-0.254209;OK;4.609479;OK;-36.5998;OK;150;OK;0.5773961;OK;0.612617;OK;0.01384493;OK;OK;393.4394;OK;12.59006;OK;82.02821;OK;-1.708887;OK;OK;260.6685;OK;-1.678616;OK;OK;6.669473;OK;12226560;OK
3/19/2026 7:20:00 AM;54;OK;3.009295;OK;9.38046;OK;2.969054;OK;0.4904835;OK;41.55463;OK;-0.5343069;OK;-0.2767782;OK;4.545556;OK;-37.37042;OK;150;OK;0.6017246;OK;0.6452838;OK;0.01448123;OK;OK;398.4957;OK;12.75186;OK;83.08981;OK;-1.705854;OK;OK;260.7183;OK;-1.675573;OK;OK;6.675426;OK;12226560;OK
3/19/2026 7:40:00 AM;55;OK;3.106367;OK;24.47597;OK;2.827214;OK;1.287004;OK;40.70395;OK;-0.5098013;OK;-0.3192542;OK;4.224945;OK;-36.95538;OK;150;OK;0.6015028;OK;0.6351982;OK;0.01468139;OK;OK;354.492;OK;11.34374;OK;73.91505;OK;-1.705671;OK;OK;260.6236;OK;-1.675087;OK;OK;6.662529;OK;12226560;OK
3/19/2026 8:00:00 AM;56;OK;3.8214;OK;42.99528;OK;2.79501;OK;2.605959;OK;37.4697;OK;-0.5149629;OK;-0.3260212;OK;3.981597;OK;-36.61163;OK;150;OK;0.6094645;OK;0.6540186;OK;0.01446884;OK;OK;376.1685;OK;12.03739;OK;78.44266;OK;-1.702253;OK;OK;260.6305;OK;-1.672245;OK;OK;6.669473;OK;12226560;OK
3/19/2026 8:20:00 AM;57;OK;2.181589;OK;94.44008;OK;-0.1688909;OK;2.175042;OK;34.68919;OK;-0.4928581;OK;-0.3194272;OK;4.365267;OK;-36.48883;OK;150;OK;0.5873165;OK;0.620866;OK;0.01478825;OK;OK;399.5094;OK;12.7843;OK;83.30183;OK;-1.70557;OK;OK;260.7098;OK;-1.675682;OK;OK;6.675426;OK;12226560;OK
3/19/2026 8:40:00 AM;58;OK;1.417304;OK;45.55041;OK;0.9925118;OK;1.011766;OK;32.06136;OK;-0.4957481;OK;-0.305557;OK;4.901543;OK;-36.83987;OK;150;OK;0.5823439;OK;0.6202354;OK;0.01322546;OK;OK;383.6854;OK;12.27793;OK;80.00244;OK;-1.705526;OK;OK;260.5967;OK;-1.673061;OK;OK;6.656576;OK;12226560;OK
3/19/2026 9:00:00 AM;59;OK;1.702096;OK;86.07837;OK;0.1164095;OK;1.698111;OK;27.60653;OK;-0.5037259;OK;-0.2788353;OK;4.0444;OK;-37.47119;OK;150;OK;0.5757658;OK;0.6173896;OK;0.01454649;OK;OK;395.8105;OK;12.66594;OK;82.5367;OK;-1.703032;OK;OK;260.6306;OK;-1.672356;OK;OK;6.675426;OK;12226560;OK
3/19/2026 9:20:00 AM;60;OK;1.54172;OK;25.74477;OK;1.388685;OK;0.6696661;OK;21.83507;OK;-0.4972534;OK;-0.254334;OK;3.930214;OK;-38.48441;OK;150;OK;0.5585693;OK;0.6090934;OK;0.01531553;OK;OK;372.5211;OK;11.92067;OK;77.67673;OK;-1.704576;OK;OK;260.6996;OK;-1.672955;OK;OK;6.669473;OK;12226560;OK
3/19/2026 9:40:00 AM;61;OK;1.347859;OK;116.2383;OK;-0.5958952;OK;1.20898;OK;16.73784;OK;-0.4954527;OK;-0.247;OK;4.05304;OK;-36.34794;OK;150;OK;0.5537102;OK;0.6081288;OK;0.01767037;OK;OK;400.4316;OK;12.81381;OK;83.49133;OK;-1.706718;OK;OK;260.5294;OK;-1.675413;OK;OK;6.675426;OK;12226560;OK
3/19/2026 10:00:00 AM;62;OK;1.446096;OK;347.9695;OK;1.414335;OK;-0.3014141;OK;11.88055;OK;-0.5115095;OK;-0.2162798;OK;4.717428;OK;-38.27136;OK;150;OK;0.5553742;OK;0.590498;OK;0.01417207;OK;OK;398.5141;OK;12.75245;OK;83.10017;OK;-1.703161;OK;OK;260.6307;OK;-1.672523;OK;OK;6.675426;OK;12226560;OK
3/19/2026 10:20:00 AM;63;OK;4.131332;OK;315.9346;OK;2.968554;OK;-2.873255;OK;29.42605;OK;-0.5153044;OK;-0.1809267;OK;4.393519;OK;-36.60614;OK;150;OK;0.5462415;OK;0.607485;OK;0.01681741;OK;OK;391.6298;OK;12.53215;OK;81.64828;OK;-1.709997;OK;OK;260.6521;OK;-1.679811;OK;OK;6.675426;OK;12226560;OK
3/19/2026 10:40:00 AM;64;OK;3.29054;OK;312.0479;OK;2.203844;OK;-2.443506;OK;49.11296;OK;-0.4281601;OK;-0.187434;OK;4.228632;OK;-36.81189;OK;150;OK;0.467693;OK;0.5514293;OK;0.0290022;OK;OK;365.4809;OK;11.69539;OK;76.20477;OK;-1.70636;OK;OK;260.6501;OK;-1.676388;OK;OK;6.675426;OK;12230656;OK
3/19/2026 11:00:00 AM;65;OK;4.366886;OK;301.7294;OK;2.296578;OK;-3.714219;OK;43.62616;OK;-0.4961267;OK;-0.2164048;OK;4.155849;OK;-36.31582;OK;150;OK;0.5413005;OK;0.5777687;OK;0.01505675;OK;OK;388.3175;OK;12.42616;OK;80.95899;OK;-1.709457;OK;OK;260.6858;OK;-1.678675;OK;OK;6.669473;OK;12238848;OK
3/19/2026 11:20:00 AM;66;OK;4.89933;OK;287.6125;OK;1.482432;OK;-4.669671;OK;41.69639;OK;-0.4751855;OK;-0.2081;OK;4.178184;OK;-34.93391;OK;150;OK;0.5192803;OK;0.5630175;OK;0.01802895;OK;OK;409.5535;OK;13.10571;OK;85.37588;OK;-1.713696;OK;OK;260.5683;OK;-1.683329;OK;OK;6.662529;OK;12238848;OK
3/19/2026 11:40:00 AM;67;OK;3.307247;OK;316.4488;OK;2.396957;OK;-2.278701;OK;42.60052;OK;-0.480273;OK;-0.220884;OK;4.127269;OK;-36.16371;OK;150;OK;0.5289178;OK;0.5712977;OK;0.01713337;OK;OK;367.4864;OK;11.75956;OK;76.61727;OK;-1.708889;OK;OK;260.5486;OK;-1.678995;OK;OK;6.662529;OK;12226560;OK
3/19/2026 12:00:00 PM;68;OK;2.198342;OK;229.5024;OK;-1.427638;OK;-1.671693;OK;35.6082;OK;-0.4297481;OK;-0.2459235;OK;4.363838;OK;-34.71748;OK;150;OK;0.4951302;OK;0.5489397;OK;0.01601901;OK;OK;392.807;OK;12.56982;OK;81.89183;OK;-1.710798;OK;OK;260.5496;OK;-1.680626;OK;OK;6.669473;OK;12218368;OK
3/19/2026 12:20:00 PM;69;OK;3.20058;OK;234.69;OK;-1.849936;OK;-2.611791;OK;35.14771;OK;-0.4425087;OK;-0.2609857;OK;4.388766;OK;-34.31782;OK;150;OK;0.5140415;OK;0.5500081;OK;0.01560368;OK;OK;412.3686;OK;13.19579;OK;85.9557;OK;-1.716448;OK;OK;260.6214;OK;-1.686087;OK;OK;6.669473;OK;12226560;OK
3/19/2026 12:40:00 PM;70;OK;3.773311;OK;224.2744;OK;-2.70171;OK;-2.63413;OK;29.84488;OK;-0.3963883;OK;-0.2683485;OK;4.038603;OK;-37.28956;OK;150;OK;0.4788154;OK;0.5256317;OK;0.01731398;OK;OK;388.8825;OK;12.44424;OK;81.11373;OK;-1.693892;OK;OK;260.6346;OK;-1.664318;OK;OK;6.675426;OK;12230656;OK
3/19/2026 1:00:00 PM;71;OK;3.897482;OK;213.787;OK;-3.239237;OK;-2.167421;OK;20.83382;OK;-0.3431494;OK;-0.2642921;OK;4.089306;OK;-36.84397;OK;150;OK;0.4333028;OK;0.4809198;OK;0.017734;OK;OK;394.8969;OK;12.6367;OK;82.35354;OK;-1.699989;OK;OK;260.6373;OK;-1.669086;OK;OK;6.662529;OK;12247040;OK
3/19/2026 1:20:00 PM;72;OK;5.520977;OK;212.4769;OK;-4.657538;OK;-2.964545;OK;12.75488;OK;-0.3364461;OK;-0.2059949;OK;4.100699;OK;-35.91212;OK;150;OK;0.3948091;OK;0.4379018;OK;0.01637349;OK;OK;394.2664;OK;12.61652;OK;82.20595;OK;-1.706673;OK;OK;260.6496;OK;-1.675465;OK;OK;6.669473;OK;12234752;OK
3/19/2026 1:40:00 PM;73;OK;6.438087;OK;211.0019;OK;-5.518405;OK;-3.316047;OK;4.818737;OK;-0.2816935;OK;-0.1810421;OK;4.511723;OK;-34.24353;OK;150;OK;0.3395089;OK;0.3851218;OK;0.01682882;OK;OK;408.224;OK;13.06317;OK;85.0941;OK;-1.715532;OK;OK;260.6632;OK;-1.684076;OK;OK;6.662529;OK;12234752;OK
3/19/2026 2:00:00 PM;74;OK;5.38261;OK;223.286;OK;-3.918221;OK;-3.690534;OK;4.566457;OK;-0.3632226;OK;-0.1974882;OK;4.414748;OK;-35.86388;OK;150;OK;0.4136618;OK;0.4639383;OK;0.01511021;OK;OK;412.4078;OK;13.19705;OK;85.99005;OK;-1.706068;OK;OK;260.5724;OK;-1.675631;OK;OK;6.669473;OK;12210176;OK
3/19/2026 2:20:00 PM;75;OK;4.619226;OK;165.4747;OK;-4.471583;OK;1.158533;OK;22.93241;OK;-0.4735511;OK;-0.2368977;OK;4.46607;OK;-42.65676;OK;150;OK;0.5296219;OK;0.6084505;OK;0.03096565;OK;OK;410.2419;OK;13.12774;OK;85.71977;OK;-1.633591;OK;OK;260.6986;OK;-1.612188;OK;OK;6.675426;OK;12210176;OK
3/19/2026 2:40:00 PM;76;OK;3.109506;OK;188.6409;OK;-3.074211;OK;-0.467174;OK;7.695818;OK;-0.3435372;OK;-0.1935762;OK;4.432216;OK;-35.31475;OK;150;OK;0.3948573;OK;0.4498048;OK;0.02065661;OK;OK;410.313;OK;13.13001;OK;85.5428;OK;-1.710249;OK;OK;260.6266;OK;-1.6803;OK;OK;6.662529;OK;12210176;OK
3/19/2026 3:00:00 PM;77;OK;2.411939;OK;168.7607;OK;-2.365682;OK;0.4701045;OK;10.10532;OK;-0.4293142;OK;-0.2128195;OK;4.415884;OK;-40.438;OK;150;OK;0.4794098;OK;0.5450047;OK;0.0179635;OK;OK;377.908;OK;12.09305;OK;78.90231;OK;-1.6602;OK;OK;260.6583;OK;-1.63135;OK;OK;6.669473;OK;12210176;OK
3/19/2026 3:20:00 PM;78;OK;5.119665;OK;197.403;OK;-4.885309;OK;-1.531249;OK;43.19202;OK;-0.3804517;OK;-0.2608223;OK;4.53872;OK;-37.5435;OK;150;OK;0.4613278;OK;0.5274897;OK;0.01766566;OK;OK;408.7605;OK;13.08034;OK;85.29792;OK;-1.678635;OK;OK;260.5991;OK;-1.647739;OK;OK;6.632765;OK;12210176;OK
3/19/2026 3:40:00 PM;79;OK;6.152404;OK;192.9509;OK;-5.995901;OK;-1.378858;OK;60.53726;OK;-0.3717911;OK;-0.2994533;OK;4.861906;OK;-35.8359;OK;150;OK;0.4774061;OK;0.5185104;OK;0.01866389;OK;OK;409.5531;OK;13.1057;OK;85.43629;OK;-1.689445;OK;OK;260.5203;OK;-1.659769;OK;OK;6.675426;OK;12210176;OK
3/19/2026 4:00:00 PM;80;OK;7.004047;OK;190.4729;OK;-6.887367;OK;-1.273125;OK;69.88937;OK;-0.3459751;OK;-0.3682091;OK;4.273063;OK;-36.24995;OK;150;OK;0.5053969;OK;0.6422443;OK;0.0689779;OK;OK;407.7563;OK;13.0482;OK;85.12814;OK;-1.662666;OK;OK;260.6592;OK;-1.632938;OK;OK;6.669473;OK;12210176;OK
3/19/2026 4:20:00 PM;81;OK;6.938492;OK;186.8929;OK;-6.888343;OK;-0.8327104;OK;73.59492;OK;-0.374958;OK;-0.3946714;OK;4.517535;OK;-36.04962;OK;150;OK;0.5443432;OK;0.6305604;OK;0.02835634;OK;OK;402.9792;OK;12.89534;OK;84.14496;OK;-1.656878;OK;OK;260.6042;OK;-1.626991;OK;OK;6.662529;OK;12210176;OK
3/19/2026 4:40:00 PM;82;OK;5.93104;OK;205.3702;OK;-5.359041;OK;-2.541242;OK;64.13553;OK;-0.357027;OK;-0.3188407;OK;4.272665;OK;-38.60178;OK;150;OK;0.4787224;OK;0.53008;OK;0.01980202;OK;OK;407.5934;OK;13.04299;OK;85.14447;OK;-1.642397;OK;OK;260.5618;OK;-1.613052;OK;OK;6.669473;OK;12210176;OK
3/19/2026 5:00:00 PM;83;OK;4.610579;OK;193.674;OK;-4.479898;OK;-1.089932;OK;61.22243;OK;-0.4322874;OK;-0.2663203;OK;4.648379;OK;-37.04856;OK;150;OK;0.507776;OK;0.5410409;OK;0.01436941;OK;OK;407.4417;OK;13.03814;OK;85.06726;OK;-1.660706;OK;OK;260.5207;OK;-1.630913;OK;OK;6.669473;OK;12210176;OK
3/19/2026 5:20:00 PM;84;OK;3.463758;OK;213.3564;OK;-2.893161;OK;-1.904533;OK;59.741;OK;-0.4548535;OK;-0.2611779;OK;4.771605;OK;-36.48119;OK;150;OK;0.524557;OK;0.5616257;OK;0.01576203;OK;OK;406.0878;OK;12.99481;OK;84.77252;OK;-1.665585;OK;OK;260.6173;OK;-1.634735;OK;OK;6.675426;OK;12210176;OK
3/19/2026 5:40:00 PM;85;OK;3.282736;OK;162.6694;OK;-3.133706;OK;0.9778768;OK;54.00576;OK;-0.4877336;OK;-0.2348118;OK;4.554797;OK;-36.37806;OK;150;OK;0.5413595;OK;0.5743721;OK;0.01304517;OK;OK;379.3946;OK;12.14063;OK;79.20216;OK;-1.66473;OK;OK;260.4542;OK;-1.634676;OK;OK;6.675426;OK;12210176;OK
3/19/2026 6:00:00 PM;86;OK;1.271721;OK;320.4707;OK;0.9808769;OK;-0.8094161;OK;45.72109;OK;-0.5154431;OK;-0.2120121;OK;4.525979;OK;-36.87466;OK;150;OK;0.5574766;OK;0.5957764;OK;0.01508817;OK;OK;399.6313;OK;12.7882;OK;83.43465;OK;-1.661488;OK;OK;260.4781;OK;-1.631584;OK;OK;6.662529;OK;12210176;OK
3/19/2026 6:20:00 PM;87;OK;3.779615;OK;16.46517;OK;3.624622;OK;1.071265;OK;45.11667;OK;-0.5369016;OK;-0.2022847;OK;4.362924;OK;-36.73252;OK;150;OK;0.5737645;OK;0.6061952;OK;0.01425313;OK;OK;401.7586;OK;12.85627;OK;83.87714;OK;-1.66217;OK;OK;260.7197;OK;-1.63381;OK;OK;6.687331;OK;12210176;OK
3/19/2026 6:40:00 PM;88;OK;3.538001;OK;350.2678;OK;3.487084;OK;-0.5980746;OK;45.06815;OK;-0.5312413;OK;-0.1892507;OK;4.177554;OK;-36.62944;OK;150;OK;0.5640274;OK;0.6019843;OK;0.01343767;OK;OK;406.7384;OK;13.01563;OK;84.8951;OK;-1.670919;OK;OK;260.561;OK;-1.641182;OK;OK;6.675426;OK;12210176;OK
3/19/2026 7:00:00 PM;89;OK;3.727452;OK;4.896689;OK;3.713848;OK;0.3181729;OK;45.29319;OK;-0.5096813;OK;-0.2026307;OK;4.079165;OK;-37.38255;OK;150;OK;0.5485624;OK;0.5834977;OK;0.01353259;OK;OK;391.9148;OK;12.54127;OK;81.79553;OK;-1.673256;OK;OK;260.5888;OK;-1.644791;OK;OK;6.687331;OK;12210176;OK
3/19/2026 7:20:00 PM;90;OK;4.436937;OK;354.7119;OK;4.418053;OK;-0.408926;OK;49.89847;OK;-0.474696;OK;-0.2269299;OK;4.287702;OK;-36.1825;OK;150;OK;0.5261629;OK;0.5685511;OK;0.01393157;OK;OK;404.3026;OK;12.93768;OK;84.38734;OK;-1.670658;OK;OK;260.6643;OK;-1.64172;OK;OK;6.681379;OK;12210176;OK
3/19/2026 7:40:00 PM;91;OK;4.785683;OK;321.8282;OK;3.762315;OK;-2.957658;OK;54.11715;OK;-0.4330167;OK;-0.224825;OK;4.078704;OK;-36.68874;OK;150;OK;0.4879043;OK;0.5359537;OK;0.01523676;OK;OK;364.0787;OK;11.65052;OK;75.98409;OK;-1.674078;OK;OK;260.5287;OK;-1.644632;OK;OK;6.675426;OK;12210176;OK
3/19/2026 8:00:00 PM;92;OK;2.223456;OK;301.1622;OK;1.150554;OK;-1.902625;OK;57.65625;OK;-0.437578;OK;-0.2649169;OK;4.547331;OK;-37.08592;OK;150;OK;0.5115182;OK;0.5539077;OK;0.01399666;OK;OK;391.1686;OK;12.5174;OK;81.63382;OK;-1.675756;OK;OK;260.5895;OK;-1.645985;OK;OK;6.662529;OK;12210176;OK
3/19/2026 8:20:00 PM;93;OK;3.875788;OK;308.4811;OK;2.411732;OK;-3.034021;OK;58.50068;OK;-0.4163875;OK;-0.2622448;OK;4.054305;OK;-37.08585;OK;150;OK;0.4920661;OK;0.5308178;OK;0.01395269;OK;OK;410.0563;OK;13.1218;OK;85.62522;OK;-1.655884;OK;OK;260.4932;OK;-1.627867;OK;OK;6.662529;OK;12210176;OK
3/19/2026 8:40:00 PM;94;OK;2.825829;OK;293.7455;OK;1.137893;OK;-2.586602;OK;60.35138;OK;-0.4138023;OK;-0.2719723;OK;4.251878;OK;-36.28051;OK;150;OK;0.4951882;OK;0.5432065;OK;0.01593649;OK;OK;410.2009;OK;13.12643;OK;85.62393;OK;-1.668463;OK;OK;260.6355;OK;-1.636473;OK;OK;6.669473;OK;12210176;OK
3/19/2026 9:00:00 PM;95;OK;3.839039;OK;308.2462;OK;2.376523;OK;-3.015022;OK;62.9682;OK;-0.4138764;OK;-0.2495183;OK;4.378289;OK;-35.49491;OK;150;OK;0.4832292;OK;0.5211454;OK;0.01408873;OK;OK;410.5676;OK;13.13816;OK;85.68858;OK;-1.673204;OK;OK;260.528;OK;-1.643488;OK;OK;6.675426;OK;12210176;OK
3/19/2026 9:20:00 PM;96;OK;3.213507;OK;329.4529;OK;2.767512;OK;-1.633251;OK;66.6673;OK;-0.41624;OK;-0.241031;OK;4.561698;OK;-35.77247;OK;150;OK;0.4809638;OK;0.5177552;OK;0.01518374;OK;OK;400.1496;OK;12.80479;OK;83.50436;OK;-1.677282;OK;OK;260.4873;OK;-1.647251;OK;OK;6.669473;OK;12210176;OK
3/19/2026 9:40:00 PM;97;OK;2.181654;OK;340.4148;OK;2.055433;OK;-0.7313068;OK;70.18748;OK;-0.4213181;OK;-0.2404446;OK;4.775528;OK;-35.90356;OK;150;OK;0.4850207;OK;0.5185104;OK;0.0139095;OK;OK;407.7964;OK;13.04948;OK;85.09155;OK;-1.680717;OK;OK;260.4977;OK;-1.650248;OK;OK;6.675426;OK;12210176;OK
3/19/2026 10:00:00 PM;98;OK;2.478418;OK;294.0819;OK;1.011298;OK;-2.262704;OK;76.13671;OK;-0.4207735;OK;-0.2460195;OK;4.541091;OK;-35.23814;OK;150;OK;0.4874056;OK;0.5222706;OK;0.01334302;OK;OK;389.3656;OK;12.4597;OK;81.27153;OK;-1.669855;OK;OK;260.4148;OK;-1.640715;OK;OK;6.681379;OK;12210176;OK
3/19/2026 10:20:00 PM;99;OK;3.603833;OK;311.2109;OK;2.374322;OK;-2.711127;OK;82.21933;OK;-0.3721603;OK;-0.169796;OK;4.38761;OK;-34.34734;OK;150;OK;0.409032;OK;0.4622481;OK;0.01619386;OK;OK;406.9727;OK;13.02313;OK;84.9056;OK;-1.686403;OK;OK;260.4673;OK;-1.657078;OK;OK;6.669473;OK;12210176;OK
3/19/2026 10:40:00 PM;100;OK;6.270906;OK;306.1086;OK;3.695551;OK;-5.066277;OK;81.45597;OK;-0.3169918;OK;-0.09656207;OK;4.232456;OK;-32.97398;OK;150;OK;0.3329918;OK;0.380007;OK;0.02035509;OK;OK;380.9752;OK;12.19121;OK;79.45158;OK;-1.699409;OK;OK;260.3284;OK;-1.669014;OK;OK;6.669473;OK;12210176;OK
3/19/2026 11:00:00 PM;101;OK;5.274346;OK;299.8233;OK;2.623076;OK;-4.575828;OK;45.40455;OK;-0.5048153;OK;-0.1775817;OK;4.426282;OK;-34.23628;OK;150;OK;0.5351759;OK;0.5824907;OK;0.02071262;OK;OK;411.1741;OK;13.15757;OK;85.78525;OK;-1.685148;OK;OK;260.3375;OK;-1.65522;OK;OK;6.669473;OK;12210176;OK
3/19/2026 11:20:00 PM;102;OK;4.705357;OK;292.0227;OK;1.764385;OK;-4.362033;OK;60.19072;OK;-0.4044305;OK;-0.2277471;OK;4.031929;OK;-33.26083;OK;150;OK;0.4641104;OK;0.5066768;OK;0.0176624;OK;OK;412.1658;OK;13.18931;OK;85.98063;OK;-1.689726;OK;OK;260.34;OK;-1.659521;OK;OK;6.675426;OK;12210176;OK
3/19/2026 11:40:00 PM;103;OK;2.533597;OK;285.9508;OK;0.6962647;OK;-2.436048;OK;49.0181;OK;-0.4465899;OK;-0.1987763;OK;4.003312;OK;-33.63577;OK;150;OK;0.4889842;OK;0.556375;OK;0.02392882;OK;OK;412.2807;OK;13.19298;OK;85.98988;OK;-1.695587;OK;OK;260.5496;OK;-1.665731;OK;OK;6.675426;OK;12206080;OK
3/20/2026 12:00:00 AM;104;OK;4.2132;OK;284.3896;OK;1.047038;OK;-4.081025;OK;48.02163;OK;-0.4525824;OK;-0.1828395;OK;4.460835;OK;-33.2653;OK;150;OK;0.4884155;OK;0.5297107;OK;0.01563401;OK;OK;410.9717;OK;13.15109;OK;85.7047;OK;-1.700443;OK;OK;260.4236;OK;-1.670565;OK;OK;6.675426;OK;12206080;OK
3/20/2026 12:20:00 AM;105;OK;3.620757;OK;241.5224;OK;-1.726434;OK;-3.182657;OK;43.14336;OK;-0.4433397;OK;-0.2489128;OK;4.285645;OK;-33.40939;OK;150;OK;0.5086775;OK;0.5337586;OK;0.01416304;OK;OK;393.4999;OK;12.592;OK;82.07261;OK;-1.695635;OK;OK;260.3858;OK;-1.664587;OK;OK;6.675426;OK;12206080;OK
3/20/2026 12:40:00 AM;106;OK;2.983054;OK;247.4309;OK;-1.144887;OK;-2.754604;OK;41.39842;OK;-0.4247162;OK;-0.2369073;OK;3.98413;OK;-33.99303;OK;150;OK;0.4864765;OK;0.5263757;OK;0.01481938;OK;OK;406.1133;OK;12.99562;OK;84.7095;OK;-1.693167;OK;OK;260.3065;OK;-1.660963;OK;OK;6.675426;OK;12206080;OK
3/20/2026 1:00:00 AM;107;OK;4.49659;OK;203.7282;OK;-4.116467;OK;-1.809424;OK;26.39202;OK;-0.3662879;OK;-0.24378;OK;4.917474;OK;-33.7383;OK;150;OK;0.4400399;OK;0.4829499;OK;0.01533641;OK;OK;408.934;OK;13.08589;OK;85.30009;OK;-1.692287;OK;OK;260.3926;OK;-1.661343;OK;OK;6.681379;OK;12206080;OK
3/20/2026 1:20:00 AM;108;OK;5.617991;OK;201.7998;OK;-5.216234;OK;-2.086319;OK;17.20874;OK;-0.311812;OK;-0.2192596;OK;4.086181;OK;-32.66664;OK;150;OK;0.3812928;OK;0.41543;OK;0.01392376;OK;OK;410.0861;OK;13.12275;OK;85.53879;OK;-1.692932;OK;OK;260.1789;OK;-1.662813;OK;OK;6.662529;OK;12206080;OK
3/20/2026 1:40:00 AM;109;OK;6.088206;OK;196.1245;OK;-5.848699;OK;-1.69085;OK;7.10726;OK;-0.2797914;OK;-0.197373;OK;4.151224;OK;-35.82232;OK;150;OK;0.3457686;OK;0.4039676;OK;0.01915269;OK;OK;408.7068;OK;13.07862;OK;85.28487;OK;-1.679369;OK;OK;260.2473;OK;-1.647577;OK;OK;6.669473;OK;12206080;OK
3/20/2026 2:00:00 AM;110;OK;4.997652;OK;202.2835;OK;-4.624422;OK;-1.895057;OK;2.117056;OK;-0.2183914;OK;-0.1634726;OK;4.530938;OK;-37.06046;OK;150;OK;0.3629114;OK;0.5661368;OK;0.07893231;OK;OK;393.9338;OK;12.60588;OK;82.22651;OK;-1.669249;OK;OK;260.3034;OK;-1.640802;OK;OK;6.669473;OK;12206080;OK
3/20/2026 2:20:00 AM;111;OK;6.870333;OK;201.0845;OK;-6.41037;OK;-2.471565;OK;355.1553;OK;-0.2238115;OK;-0.09405418;OK;4.184293;OK;-35.84015;OK;150;OK;0.3603221;OK;0.5241405;OK;0.0884388;OK;OK;407.7883;OK;13.04923;OK;85.08533;OK;-1.68255;OK;OK;260.3103;OK;-1.652723;OK;OK;6.669473;OK;12206080;OK
3/20/2026 2:40:00 AM;112;OK;7.643454;OK;200.5501;OK;-7.157065;OK;-2.683058;OK;345.9706;OK;-0.2960423;OK;-0.0597675;OK;4.64339;OK;-36.48138;OK;150;OK;0.341646;OK;0.5588315;OK;0.07664967;OK;OK;412.3671;OK;13.19575;OK;86.04865;OK;-1.679386;OK;OK;260.3085;OK;-1.649492;OK;OK;6.675426;OK;12206080;OK
3/20/2026 3:00:00 AM;113;OK;4.767304;OK;191.5493;OK;-4.670779;OK;-0.9544728;OK;1.184109;OK;-0.3112859;OK;-0.1633559;OK;4.259687;OK;-38.15635;OK;150;OK;0.351791;OK;0.3976209;OK;0.01453505;OK;OK;402.6086;OK;12.88348;OK;84.03992;OK;-1.668165;OK;OK;260.182;OK;-1.638655;OK;OK;6.681379;OK;12206080;OK
3/20/2026 3:20:00 AM;114;OK;6.035707;OK;188.977;OK;-5.961776;OK;-0.9417987;OK;9.125418;OK;-0.2940658;OK;-0.1793215;OK;4.456229;OK;-40.90733;OK;150;OK;0.3446633;OK;0.4049352;OK;0.01965994;OK;OK;406.5207;OK;13.00866;OK;84.90881;OK;-1.647051;OK;OK;260.0498;OK;-1.618006;OK;OK;6.687331;OK;12206080;OK
3/20/2026 3:40:00 AM;115;OK;5.856648;OK;198.9606;OK;-5.53888;OK;-1.902926;OK;16.91629;OK;-0.2019379;OK;-0.2330821;OK;4.183287;OK;-42.98771;OK;150;OK;0.3261982;OK;0.4261256;OK;0.03427328;OK;OK;406.5374;OK;13.0092;OK;84.99178;OK;-1.615013;OK;OK;260.1596;OK;-1.585526;OK;OK;6.669473;OK;12206080;OK
3/20/2026 4:00:00 AM;116;OK;8.190001;OK;205.591;OK;-7.386562;OK;-3.537631;OK;22.46016;OK;-0.123355;OK;-0.2366191;OK;4.227187;OK;-41.67954;OK;150;OK;0.2780707;OK;0.3636945;OK;0.04444913;OK;OK;404.2257;OK;12.93522;OK;84.52694;OK;-1.607531;OK;OK;260.1902;OK;-1.579302;OK;OK;6.681379;OK;12206080;OK
3/20/2026 4:20:00 AM;117;OK;8.145342;OK;196.467;OK;-7.811244;OK;-2.308906;OK;30.49956;OK;-0.111869;OK;-0.2621487;OK;4.337555;OK;-38.91054;OK;150;OK;0.2891336;OK;0.3810355;OK;0.03019246;OK;OK;402.0757;OK;12.86642;OK;83.99507;OK;-1.641069;OK;OK;259.9603;OK;-1.611641;OK;OK;6.662529;OK;12206080;OK
3/20/2026 4:40:00 AM;118;OK;9.268766;OK;197.5397;OK;-8.837844;OK;-2.793305;OK;29.04081;OK;-0.07311785;OK;-0.2760672;OK;5.079939;OK;-37.16959;OK;150;OK;0.2889754;OK;0.3653049;OK;0.03900084;OK;OK;404.1986;OK;12.93435;OK;84.41659;OK;-1.649988;OK;OK;259.974;OK;-1.620422;OK;OK;6.675426;OK;12206080;OK
3/20/2026 5:00:00 AM;119;OK;9.467796;OK;195.512;OK;-9.122926;OK;-2.532073;OK;33.0637;OK;-0.08657964;OK;-0.3021255;OK;4.966387;OK;-39.22375;OK;150;OK;0.3161233;OK;0.4078242;OK;0.04178284;OK;OK;408.0188;OK;13.0566;OK;85.22948;OK;-1.643959;OK;OK;259.8761;OK;-1.614464;OK;OK;6.681379;OK;12206080;OK
3/20/2026 5:20:00 AM;120;OK;8.632041;OK;213.9847;OK;-7.157576;OK;-4.825064;OK;35.11856;OK;-0.1524021;OK;-0.2379166;OK;4.40843;OK;-38.15666;OK;150;OK;0.282733;OK;0.3380413;OK;0.02056625;OK;OK;372.4989;OK;11.91997;OK;77.81039;OK;-1.643703;OK;OK;259.97;OK;-1.613489;OK;OK;6.681379;OK;12206080;OK
3/20/2026 5:40:00 AM;121;OK;7.562647;OK;209.5917;OK;-6.576223;OK;-3.734558;OK;37.94241;OK;-0.2063789;OK;-0.2349852;OK;4.214595;OK;-40.80146;OK;150;OK;0.3146523;OK;0.4706381;OK;0.09330069;OK;OK;376.5907;OK;12.0509;OK;78.70271;OK;-1.627337;OK;OK;259.8495;OK;-1.598143;OK;OK;6.669473;OK;12206080;OK
3/20/2026 6:00:00 AM;122;OK;6.645529;OK;211.6577;OK;-5.656663;OK;-3.487868;OK;41.49293;OK;-0.2421848;OK;-0.2305349;OK;4.480602;OK;-40.4664;OK;150;OK;0.3364388;OK;0.4772439;OK;0.08287913;OK;OK;398.2619;OK;12.74438;OK;83.2368;OK;-1.625259;OK;OK;259.9084;OK;-1.596308;OK;OK;6.675426;OK;12206080;OK
3/20/2026 6:20:00 AM;123;OK;9.385438;OK;218.9874;OK;-7.295155;OK;-5.904842;OK;38.80118;OK;-0.169511;OK;-0.1983822;OK;4.941734;OK;-39.80746;OK;150;OK;0.2612164;OK;0.3146578;OK;0.01805573;OK;OK;407.0218;OK;13.0247;OK;85.10005;OK;-1.6122;OK;OK;259.7723;OK;-1.583683;OK;OK;6.681379;OK;12206080;OK
3/20/2026 6:40:00 AM;124;OK;6.549241;OK;236.2816;OK;-3.635559;OK;-5.447501;OK;48.62888;OK;-0.3444882;OK;-0.1673642;OK;4.595712;OK;-37.09994;OK;150;OK;0.3830298;OK;0.4247458;OK;0.01467049;OK;OK;409.6162;OK;13.10772;OK;85.57489;OK;-1.639256;OK;OK;259.7602;OK;-1.606936;OK;OK;6.681379;OK;12206080;OK
3/20/2026 7:00:00 AM;125;OK;4.084975;OK;269.921;OK;-0.005634323;OK;-4.084971;OK;54.77655;OK;-0.4119926;OK;-0.175496;OK;4.51262;OK;-36.07398;OK;150;OK;0.4478674;OK;0.4796976;OK;0.0138079;OK;OK;408.0779;OK;13.05849;OK;85.22614;OK;-1.650246;OK;OK;259.6235;OK;-1.622532;OK;OK;6.669473;OK;12206080;OK
3/20/2026 7:20:00 AM;126;OK;4.683515;OK;298.5777;OK;2.240359;OK;-4.112919;OK;55.09703;OK;-0.4024824;OK;-0.2069176;OK;4.685225;OK;-36.10535;OK;150;OK;0.4524923;OK;0.4845678;OK;0.01454429;OK;OK;410.9593;OK;13.1507;OK;85.81644;OK;-1.65481;OK;OK;259.6254;OK;-1.625813;OK;OK;6.681379;OK;12206080;OK
3/20/2026 7:40:00 AM;127;OK;3.785012;OK;299.295;OK;1.852034;OK;-3.300953;OK;55.74488;OK;-0.3984382;OK;-0.2049184;OK;4.345235;OK;-35.74598;OK;150;OK;0.4480174;OK;0.4809198;OK;0.01327377;OK;OK;410.8815;OK;13.14821;OK;85.79892;OK;-1.655327;OK;OK;259.5997;OK;-1.625975;OK;OK;6.669473;OK;12206080;OK
3/20/2026 8:00:00 AM;128;OK;3.618674;OK;314.2878;OK;2.526787;OK;-2.590396;OK;57.82652;OK;-0.4108569;OK;-0.2193076;OK;4.49668;OK;-34.67801;OK;150;OK;0.465699;OK;0.5143425;OK;0.01481851;OK;OK;412.3203;OK;13.19425;OK;86.09845;OK;-1.655714;OK;OK;259.4197;OK;-1.626301;OK;OK;6.675426;OK;12206080;OK
3/20/2026 8:20:00 AM;129;OK;5.361088;OK;298.192;OK;2.53273;OK;-4.725098;OK;57.37871;OK;-0.3985951;OK;-0.2161645;OK;4.767472;OK;-35.13428;OK;150;OK;0.4535792;OK;0.4988932;OK;0.02119675;OK;OK;413.9849;OK;13.24752;OK;86.50501;OK;-1.632353;OK;OK;259.5919;OK;-1.597982;OK;OK;6.675426;OK;12206080;OK
3/20/2026 8:40:00 AM;130;OK;3.88237;OK;312.6452;OK;2.630137;OK;-2.855727;OK;59.84759;OK;-0.4017897;OK;-0.2141171;OK;4.485169;OK;-35.36151;OK;150;OK;0.4553398;OK;0.4988932;OK;0.01560368;OK;OK;411.0637;OK;13.15404;OK;85.93323;OK;-1.616938;OK;OK;259.4329;OK;-1.590113;OK;OK;6.669473;OK;12206080;OK
3/20/2026 9:00:00 AM;131;OK;5.926879;OK;309.5504;OK;3.773984;OK;-4.570004;OK;60.54903;OK;-0.386555;OK;-0.1907502;OK;4.237315;OK;-34.70771;OK;150;OK;0.4312899;OK;0.4772439;OK;0.01666909;OK;OK;410.2744;OK;13.12878;OK;85.93394;OK;-1.550789;OK;OK;259.4201;OK;-1.524628;OK;OK;6.681379;OK;12206080;OK
3/20/2026 9:20:00 AM;132;OK;3.904172;OK;328.2831;OK;3.321108;OK;-2.052511;OK;58.58651;OK;-0.408955;OK;-0.2248826;OK;4.445462;OK;-35.55768;OK;150;OK;0.4669614;OK;0.5089886;OK;0.01598622;OK;OK;374.3439;OK;11.979;OK;78.34271;OK;-1.579405;OK;OK;259.3387;OK;-1.546659;OK;OK;6.675426;OK;12206080;OK
3/20/2026 9:40:00 AM;133;OK;3.04765;OK;296.4038;OK;1.355276;OK;-2.729725;OK;60.29514;OK;-0.3984934;OK;-0.2078404;OK;4.176156;OK;-35.13848;OK;150;OK;0.4496131;OK;0.5151029;OK;0.01925068;OK;OK;408.727;OK;13.07926;OK;85.5598;OK;-1.570835;OK;OK;259.3122;OK;-1.54538;OK;OK;6.675426;OK;12206080;OK
3/20/2026 10:00:00 AM;134;OK;4.711414;OK;316.8884;OK;3.439448;OK;-3.219879;OK;61.65909;OK;-0.4043383;OK;-0.1926246;OK;4.719188;OK;-34.65978;OK;150;OK;0.448269;OK;0.5230194;OK;0.02586193;OK;OK;409.1799;OK;13.09376;OK;85.70168;OK;-1.552002;OK;OK;259.3402;OK;-1.519989;OK;OK;6.687331;OK;12206080;OK
3/20/2026 10:20:00 AM;135;OK;3.373855;OK;323.8105;OK;2.722932;OK;-1.992119;OK;59.67585;OK;-0.3959729;OK;-0.2113585;OK;3.901958;OK;-33.82373;OK;150;OK;0.4493097;OK;0.4953507;OK;0.01765007;OK;OK;414.7147;OK;13.27087;OK;86.89553;OK;-1.538328;OK;OK;259.1659;OK;-1.501104;OK;OK;6.681379;OK;12206080;OK
3/20/2026 10:40:00 AM;136;OK;2.994305;OK;310.0713;OK;1.927555;OK;-2.291374;OK;47.24415;OK;-0.4097489;OK;-0.2269492;OK;4.269915;OK;-33.73026;OK;150;OK;0.468668;OK;0.5211454;OK;0.01999822;OK;OK;380.0383;OK;12.16123;OK;79.64841;OK;-1.530289;OK;OK;259.2751;OK;-1.496897;OK;OK;6.675426;OK;12206080;OK
3/20/2026 11:00:00 AM;137;OK;3.77902;OK;290.7231;OK;1.33721;OK;-3.534524;OK;46.00751;OK;-0.3899989;OK;-0.2239406;OK;4.357543;OK;-33.76576;OK;150;OK;0.4499716;OK;0.5016311;OK;0.01934422;OK;OK;413.6807;OK;13.23778;OK;86.63097;OK;-1.557295;OK;OK;259.1569;OK;-1.529305;OK;OK;6.681379;OK;12206080;OK
3/20/2026 11:20:00 AM;138;OK;3.121732;OK;283.7058;OK;0.7396547;OK;-3.032841;OK;44.32773;OK;-0.4821567;OK;-0.2056873;OK;4.976599;OK;-33.66948;OK;150;OK;0.524592;OK;0.5723243;OK;0.022071;OK;OK;415.7859;OK;13.30515;OK;87.2578;OK;-1.484056;OK;OK;259.2618;OK;-1.474369;OK;OK;6.675426;OK;12206080;OK
3/20/2026 11:40:00 AM;139;OK;5.309374;OK;317.5302;OK;3.916371;OK;-3.584897;OK;46.29507;OK;-0.4717507;OK;-0.1705842;OK;4.488081;OK;-33.61827;OK;150;OK;0.5021973;OK;0.5556712;OK;0.0209541;OK;OK;406.2903;OK;13.00129;OK;85.18482;OK;-1.516378;OK;OK;259.1098;OK;-1.493172;OK;OK;6.675426;OK;12206080;OK
3/20/2026 12:00:00 PM;140;OK;3.056837;OK;302.4083;OK;1.638309;OK;-2.580735;OK;41.87342;OK;-0.4759611;OK;-0.1906926;OK;4.850075;OK;-33.51631;OK;150;OK;0.5132614;OK;0.5553189;OK;0.02080758;OK;OK;398.238;OK;12.74362;OK;83.36947;OK;-1.568634;OK;OK;259.0528;OK;-1.542023;OK;OK;6.675426;OK;12206080;OK
3/20/2026 12:20:00 PM;141;OK;3.47929;OK;304.5441;OK;1.972898;OK;-2.865857;OK;40.13412;OK;-0.4882784;OK;-0.2125888;OK;4.556745;OK;-32.99242;OK;150;OK;0.5332841;OK;0.5901665;OK;0.02011629;OK;OK;369.931;OK;11.83779;OK;77.50867;OK;-1.539793;OK;OK;259.0754;OK;-1.507523;OK;OK;6.675426;OK;12206080;OK
3/20/2026 12:40:00 PM;142;OK;2.197912;OK;357.1291;OK;2.195154;OK;-0.1100831;OK;42.70516;OK;-0.503421;OK;-0.2529692;OK;4.723159;OK;-32.59904;OK;150;OK;0.565032;OK;0.620866;OK;0.01984658;OK;OK;413.3119;OK;13.22598;OK;86.7907;OK;-1.463453;OK;OK;259.0416;OK;-1.435869;OK;OK;6.669473;OK;12206080;OK
3/20/2026 1:00:00 PM;143;OK;2.134808;OK;308.2699;OK;1.322229;OK;-1.676042;OK;40.83976;OK;-0.5035873;OK;-0.2543533;OK;4.762737;OK;-32.99379;OK;150;OK;0.5663872;OK;0.6167553;OK;0.02051764;OK;OK;390.4596;OK;12.49471;OK;81.97393;OK;-1.471016;OK;OK;258.9259;OK;-1.443468;OK;OK;6.681379;OK;12206080;OK
3/20/2026 1:20:00 PM;144;OK;3.668576;OK;273.1903;OK;0.2041686;OK;-3.66289;OK;36.53294;OK;-0.4744006;OK;-0.2471443;OK;4.329441;OK;-31.67712;OK;150;OK;0.535759;OK;0.5891711;OK;0.0215611;OK;OK;414.1456;OK;13.25266;OK;86.76326;OK;-1.543497;OK;OK;258.8295;OK;-1.512674;OK;OK;6.681379;OK;12218368;OK
3/20/2026 1:40:00 PM;145;OK;2.209692;OK;217.6373;OK;-1.749838;OK;-1.349373;OK;32.85025;OK;-0.4518531;OK;-0.2561508;OK;4.351696;OK;-31.40639;OK;150;OK;0.5211865;OK;0.5824907;OK;0.02021152;OK;OK;401.9935;OK;12.86379;OK;84.27493;OK;-1.520063;OK;OK;258.973;OK;-1.494043;OK;OK;6.681379;OK;12218368;OK
3/20/2026 2:00:00 PM;146;OK;4.707191;OK;187.3703;OK;-4.6683;OK;-0.6038425;OK;12.42034;OK;-0.3880692;OK;-0.2700594;OK;4.275918;OK;-31.78464;OK;150;OK;0.4732842;OK;0.5464389;OK;0.02586168;OK;OK;413.5634;OK;13.23403;OK;86.66437;OK;-1.534342;OK;OK;259.0062;OK;-1.506659;OK;OK;6.687331;OK;12218368;OK
3/20/2026 2:20:00 PM;147;OK;6.480094;OK;186.1815;OK;-6.442417;OK;-0.6977675;OK;323.1106;OK;-0.1747095;OK;0.2025166;OK;5.124685;OK;-30.28047;OK;150;OK;0.3147869;OK;0.6271377;OK;0.1460458;OK;OK;417.5728;OK;13.36233;OK;87.5874;OK;-1.501865;OK;OK;258.9438;OK;-1.473856;OK;OK;6.662529;OK;12193792;OK
3/20/2026 2:40:00 PM;148;OK;4.313763;OK;318.6607;OK;3.238821;OK;-2.849314;OK;57.43428;OK;-0.4507263;OK;-0.1966136;OK;4.430145;OK;-32.04678;OK;150;OK;0.4933214;OK;0.5675176;OK;0.03257493;OK;OK;378.972;OK;12.1271;OK;79.53895;OK;-1.481039;OK;OK;259.0765;OK;-1.451429;OK;OK;6.687331;OK;12193792;OK
3/20/2026 3:00:00 PM;149;OK;3.452953;OK;291.1582;OK;1.246323;OK;-3.220181;OK;63.53816;OK;-0.4554446;OK;-0.2637538;OK;4.796747;OK;-30.56894;OK;150;OK;0.527375;OK;0.5808088;OK;0.02200711;OK;OK;415.2864;OK;13.28917;OK;86.98226;OK;-1.551348;OK;OK;258.8439;OK;-1.522593;OK;OK;6.662529;OK;12201984;OK
3/20/2026 3:20:00 PM;150;OK;4.762039;OK;220.9559;OK;-3.596358;OK;-3.121414;OK;40.12197;OK;-0.3903037;OK;-0.2778452;OK;5.129425;OK;-31.10637;OK;150;OK;0.4800237;OK;0.5256317;OK;0.01965343;OK;OK;413.7844;OK;13.2411;OK;86.66852;OK;-1.551027;OK;OK;258.9293;OK;-1.521944;OK;OK;6.681379;OK;12210176;OK
3/20/2026 3:40:00 PM;151;OK;4.917153;OK;200.5309;OK;-4.604829;OK;-1.724512;OK;28.56683;OK;-0.3754843;OK;-0.2995591;OK;4.607183;OK;-31.31197;OK;150;OK;0.4811907;OK;0.5348573;OK;0.01985367;OK;OK;411.1732;OK;13.15754;OK;86.14;OK;-1.543697;OK;OK;259.0112;OK;-1.515043;OK;OK;6.681379;OK;12218368;OK
3/20/2026 4:00:00 PM;152;OK;4.765819;OK;185.4967;OK;-4.743904;OK;-0.4565135;OK;32.45293;OK;-0.3348766;OK;-0.3201867;OK;4.920784;OK;-31.82144;OK;150;OK;0.465994;OK;0.5914913;OK;0.04835498;OK;OK;405.7277;OK;12.98329;OK;85.09103;OK;-1.506622;OK;OK;258.8959;OK;-1.479853;OK;OK;6.669473;OK;12201984;OK
3/20/2026 4:20:00 PM;153;OK;6.739991;OK;180.5916;OK;-6.739631;OK;-0.06959445;OK;54.22554;OK;-0.3132063;OK;-0.3694108;OK;4.609029;OK;-32.52778;OK;150;OK;0.4861398;OK;0.6578966;OK;0.07636304;OK;OK;414.353;OK;13.25929;OK;86.97292;OK;-1.477802;OK;OK;258.8871;OK;-1.450291;OK;OK;6.687331;OK;12201984;OK
3/20/2026 4:40:00 PM;154;OK;5.43446;OK;171.9035;OK;-5.380291;OK;0.7653901;OK;59.56643;OK;-0.3616348;OK;-0.4084844;OK;4.809039;OK;-31.32245;OK;150;OK;0.5462134;OK;0.7438843;OK;0.1014876;OK;OK;406.7516;OK;13.01605;OK;85.33923;OK;-1.493177;OK;OK;258.9549;OK;-1.463343;OK;OK;6.681379;OK;12201984;OK
3/20/2026 5:00:00 PM;155;OK;3.992796;OK;165.0126;OK;-3.856973;OK;1.032561;OK;54.83476;OK;-0.4282525;OK;-0.3654023;OK;4.546684;OK;-30.79636;OK;150;OK;0.5636764;OK;0.652221;OK;0.03366259;OK;OK;401.5257;OK;12.84882;OK;84.24783;OK;-1.491116;OK;OK;258.9205;OK;-1.463343;OK;OK;6.681379;OK;12169216;OK
3/20/2026 5:20:00 PM;156;OK;4.479446;OK;180.8253;OK;-4.478981;OK;-0.06452218;OK;52.37239;OK;-0.4063234;OK;-0.4172698;OK;4.510639;OK;-31.71759;OK;150;OK;0.5828207;OK;0.6629335;OK;0.03687406;OK;OK;408.9092;OK;13.08509;OK;85.78878;OK;-1.494402;OK;OK;259.034;OK;-1.466557;OK;OK;6.675426;OK;12169216;OK
3/20/2026 5:40:00 PM;157;OK;5.303355;OK;186.4116;OK;-5.270184;OK;-0.5922272;OK;35.55494;OK;-0.412362;OK;-0.3059511;OK;4.239263;OK;-32.12098;OK;150;OK;0.5142536;OK;0.6151669;OK;0.04074665;OK;OK;412.3244;OK;13.19438;OK;86.47717;OK;-1.50559;OK;OK;259.0155;OK;-1.478815;OK;OK;6.681379;OK;12169216;OK
3/20/2026 6:00:00 PM;158;OK;3.617282;OK;176.3991;OK;-3.610141;OK;0.2271874;OK;25.05489;OK;-0.4467928;OK;-0.267022;OK;4.578333;OK;-32.06372;OK;150;OK;0.521129;OK;0.5808088;OK;0.01962084;OK;OK;411.413;OK;13.16521;OK;86.25993;OK;-1.515965;OK;OK;258.97;OK;-1.488894;OK;OK;6.675426;OK;12169216;OK
3/20/2026 6:20:00 PM;159;OK;2.332179;OK;188.5798;OK;-2.30608;OK;-0.3479299;OK;18.13505;OK;-0.458787;OK;-0.2619756;OK;4.501754;OK;-34.2464;OK;150;OK;0.5289874;OK;0.5750529;OK;0.01808566;OK;OK;399.2689;OK;12.7766;OK;83.71817;OK;-1.514116;OK;OK;258.9701;OK;-1.489258;OK;OK;6.675426;OK;12169216;OK
3/20/2026 6:40:00 PM;160;OK;6.017704;OK;209.4123;OK;-5.242073;OK;-2.955238;OK;10.26031;OK;-0.3979856;OK;-0.2303808;OK;4.227769;OK;-35.52925;OK;150;OK;0.4602888;OK;0.5124369;OK;0.01810405;OK;OK;408.1249;OK;13.06;OK;85.50829;OK;-1.540918;OK;OK;258.7804;OK;-1.51667;OK;OK;6.675426;OK;12169216;OK
3/20/2026 7:00:00 PM;161;OK;5.154913;OK;210.4533;OK;-4.443755;OK;-2.612694;OK;8.396828;OK;-0.4163692;OK;-0.2084364;OK;6.257045;OK;-35.31129;OK;150;OK;0.4661846;OK;0.5147228;OK;0.01834567;OK;OK;413.9942;OK;13.24781;OK;86.69362;OK;-1.558474;OK;OK;258.9263;OK;-1.531355;OK;OK;6.687331;OK;12169216;OK
3/20/2026 7:20:00 PM;162;OK;4.509058;OK;244.9306;OK;-1.910561;OK;-4.084283;OK;10.88841;OK;-0.4506708;OK;-0.2042647;OK;4.755226;OK;-34.31167;OK;150;OK;0.4951536;OK;0.5471545;OK;0.01713935;OK;OK;393.43;OK;12.58976;OK;82.39413;OK;-1.555649;OK;OK;258.9928;OK;-1.527721;OK;OK;6.675426;OK;12169216;OK
3/20/2026 7:40:00 PM;163;OK;3.97798;OK;259.1129;OK;-0.7513375;OK;-3.906382;OK;13.4727;OK;-0.4251501;OK;-0.2174237;OK;4.405349;OK;-33.83434;OK;150;OK;0.478047;OK;0.5226451;OK;0.01840141;OK;OK;408.6849;OK;13.07792;OK;85.56941;OK;-1.56345;OK;OK;258.9014;OK;-1.532705;OK;OK;6.681379;OK;12169216;OK
3/20/2026 8:00:00 PM;164;OK;3.714853;OK;254.0823;OK;-1.018823;OK;-3.572413;OK;17.33085;OK;-0.4381873;OK;-0.2450199;OK;4.838039;OK;-32.57239;OK;150;OK;0.5023501;OK;0.5385033;OK;0.01557494;OK;OK;412.0832;OK;13.18666;OK;86.35792;OK;-1.532864;OK;OK;259.0129;OK;-1.503567;OK;OK;6.687331;OK;12169216;OK
3/20/2026 8:20:00 PM;165;OK;3.824543;OK;224.5837;OK;-2.723937;OK;-2.684641;OK;19.74028;OK;-0.4110324;OK;-0.2839586;OK;4.392601;OK;-31.66434;OK;150;OK;0.4999074;OK;0.5381398;OK;0.01838819;OK;OK;412.068;OK;13.18617;OK;86.41761;OK;-1.50786;OK;OK;258.9539;OK;-1.476267;OK;OK;6.675426;OK;12169216;OK
3/20/2026 8:40:00 PM;166;OK;2.820204;OK;238.119;OK;-1.48951;OK;-2.394768;OK;23.20901;OK;-0.3943848;OK;-0.2659455;OK;4.269012;OK;-31.54097;OK;150;OK;0.4760171;OK;0.5166201;OK;0.01769643;OK;OK;407.5114;OK;13.04036;OK;85.40611;OK;-1.530346;OK;OK;258.9105;OK;-1.504538;OK;OK;6.675426;OK;12169216;OK
3/20/2026 9:00:00 PM;167;OK;3.077775;OK;292.7408;OK;1.189755;OK;-2.838517;OK;29.45163;OK;-0.4262211;OK;-0.293042;OK;4.97889;OK;-31.04713;OK;150;OK;0.5174402;OK;0.5668276;OK;0.01775348;OK;OK;371.9049;OK;11.90096;OK;77.9716;OK;-1.518072;OK;OK;258.9652;OK;-1.495436;OK;OK;6.669473;OK;12169216;OK
3/20/2026 9:20:00 PM;168;OK;2.488631;OK;56.64933;OK;1.368154;OK;2.078807;OK;34.20403;OK;-0.4429703;OK;-0.3099306;OK;5.003539;OK;-33.52262;OK;150;OK;0.5409086;OK;0.5797971;OK;0.01874738;OK;OK;402.8932;OK;12.89258;OK;84.51364;OK;-1.499704;OK;OK;258.8835;OK;-1.473368;OK;OK;6.687331;OK;12169216;OK
3/20/2026 9:40:00 PM;169;OK;2.043931;OK;44.68029;OK;1.453319;OK;1.43719;OK;37.33691;OK;-0.441927;OK;-0.308902;OK;4.726079;OK;-32.69154;OK;150;OK;0.5393263;OK;0.5781073;OK;0.01767978;OK;OK;392.7195;OK;12.56702;OK;82.36826;OK;-1.504398;OK;OK;258.9716;OK;-1.477186;OK;OK;6.687331;OK;12169216;OK
3/20/2026 10:00:00 PM;170;OK;2.311517;OK;2.087709;OK;2.309983;OK;0.08420704;OK;41.63271;OK;-0.4417145;OK;-0.2916962;OK;4.877424;OK;-32.52198;OK;150;OK;0.5295093;OK;0.5818186;OK;0.02597035;OK;OK;406.4854;OK;13.00753;OK;85.25109;OK;-1.506161;OK;OK;258.9397;OK;-1.481319;OK;OK;6.687331;OK;12169216;OK
3/20/2026 10:20:00 PM;171;OK;3.173708;OK;10.76195;OK;3.117888;OK;0.592623;OK;45.60034;OK;-0.4504125;OK;-0.2800559;OK;4.341992;OK;-32.60733;OK;150;OK;0.530618;OK;0.590498;OK;0.01912928;OK;OK;413.9469;OK;13.2463;OK;86.80957;OK;-1.508713;OK;OK;258.9156;OK;-1.484261;OK;OK;6.681379;OK;12169216;OK
3/20/2026 10:40:00 PM;172;OK;3.898161;OK;357.6974;OK;3.895013;OK;-0.1566157;OK;48.77491;OK;-0.4644932;OK;-0.2409251;OK;4.591479;OK;-32.50204;OK;150;OK;0.5235431;OK;0.5567266;OK;0.01466743;OK;OK;413.8474;OK;13.24312;OK;86.78562;OK;-1.509905;OK;OK;258.9068;OK;-1.483826;OK;OK;6.681379;OK;12173312;OK
3/20/2026 11:00:00 PM;173;OK;3.806621;OK;347.3251;OK;3.713856;OK;-0.8352423;OK;55.10999;OK;-0.446636;OK;-0.2053989;OK;4.543332;OK;-32.12374;OK;150;OK;0.4919177;OK;0.5388665;OK;0.01637623;OK;OK;407.5128;OK;13.04041;OK;85.44076;OK;-1.516533;OK;OK;258.8588;OK;-1.489693;OK;OK;6.687331;OK;12173312;OK
3/20/2026 11:20:00 PM;174;OK;4.015687;OK;313.8148;OK;2.780178;OK;-2.897647;OK;85.64207;OK;-0.4028148;OK;-0.3042882;OK;4.400289;OK;-32.92041;OK;150;OK;0.5051527;OK;0.5485831;OK;0.01869541;OK;OK;415.5424;OK;13.29735;OK;87.16564;OK;-1.500256;OK;OK;258.9628;OK;-1.476702;OK;OK;6.675426;OK;12173312;OK
3/20/2026 11:40:00 PM;175;OK;8.193656;OK;329.9652;OK;7.093423;OK;-4.10114;OK;78.45007;OK;-0.4589626;OK;-0.1272629;OK;4.488947;OK;-32.96309;OK;150;OK;0.4766796;OK;0.5263757;OK;0.01590755;OK;OK;418.6496;OK;13.39679;OK;87.81493;OK;-1.501215;OK;OK;258.851;OK;-1.476324;OK;OK;6.669473;OK;12173312;OK
3/21/2026 12:00:00 AM;176;OK;6.607542;OK;346.5737;OK;6.426953;OK;-1.534238;OK;79.27946;OK;-0.4645024;OK;-0.189568;OK;4.674754;OK;-35.14799;OK;150;OK;0.5019442;OK;0.5514293;OK;0.01688881;OK;OK;412.6038;OK;13.20332;OK;86.57815;OK;-1.488773;OK;OK;258.9114;OK;-1.462368;OK;OK;6.687331;OK;12173312;OK
3/21/2026 12:20:00 AM;177;OK;4.979196;OK;314.7764;OK;3.507058;OK;-3.534535;OK;68.53895;OK;-0.4777247;OK;-0.2409348;OK;4.707489;OK;-34.83358;OK;150;OK;0.5352476;OK;0.577091;OK;0.01699007;OK;OK;417.2108;OK;13.35075;OK;87.52057;OK;-1.498287;OK;OK;259.0296;OK;-1.473637;OK;OK;6.681379;OK;12173312;OK
3/21/2026 12:40:00 AM;178;OK;4.409754;OK;310.906;OK;2.887594;OK;-3.332826;OK;66.76881;OK;-0.4826737;OK;-0.2495472;OK;4.22438;OK;-33.94561;OK;150;OK;0.5436515;OK;0.6049027;OK;0.01765297;OK;OK;410.3281;OK;13.1305;OK;86.08819;OK;-1.493734;OK;OK;258.8714;OK;-1.467363;OK;OK;6.687331;OK;12173312;OK
3/21/2026 1:00:00 AM;179;OK;3.376691;OK;315.0411;OK;2.389392;OK;-2.385969;OK;62.22358;OK;-0.5049538;OK;-0.2925036;OK;4.578514;OK;-35.70305;OK;150;OK;0.5837827;OK;0.6293179;OK;0.01616538;OK;OK;379.4713;OK;12.14308;OK;79.66885;OK;-1.470224;OK;OK;258.9599;OK;-1.442814;OK;OK;6.675426;OK;12173312;OK
3/21/2026 1:20:00 AM;180;OK;3.283985;OK;293.407;OK;1.304593;OK;-3.013734;OK;59.3989;OK;-0.4871426;OK;-0.280181;OK;4.662877;OK;-35.17598;OK;150;OK;0.5622036;OK;0.6019843;OK;0.01645266;OK;OK;407.8085;OK;13.04987;OK;85.57058;OK;-1.489319;OK;OK;258.894;OK;-1.447489;OK;OK;6.675426;OK;12173312;OK
3/21/2026 1:40:00 AM;181;OK;1.004018;OK;307.9007;OK;0.6167635;OK;-0.7922468;OK;57.07795;OK;-0.4976871;OK;-0.2934649;OK;4.80986;OK;-33.94902;OK;150;OK;0.5781524;OK;0.6249498;OK;0.0183359;OK;OK;408.3229;OK;13.06633;OK;85.6619;OK;-1.495972;OK;OK;258.8639;OK;-1.469156;OK;OK;6.693284;OK;12173312;OK
3/21/2026 2:00:00 AM;182;OK;3.909255;OK;205.4292;OK;-3.530514;OK;-1.678614;OK;45.29685;OK;-0.4327305;OK;-0.3534927;OK;4.097831;OK;-33.21147;OK;150;OK;0.5589476;OK;0.5990517;OK;0.02045203;OK;OK;376.9999;OK;12.064;OK;79.09368;OK;-1.49465;OK;OK;259.0053;OK;-1.476156;OK;OK;6.669473;OK;12173312;OK
3/21/2026 2:20:00 AM;183;OK;4.626142;OK;189.4919;OK;-4.562806;OK;-0.7628877;OK;37.04294;OK;-0.4015589;OK;-0.3243968;OK;4.589308;OK;-33.67058;OK;150;OK;0.5164887;OK;0.5584812;OK;0.02075337;OK;OK;382.5659;OK;12.24211;OK;80.26133;OK;-1.494698;OK;OK;258.924;OK;-1.469267;OK;OK;6.681379;OK;12173312;OK
3/21/2026 2:40:00 AM;184;OK;2.905421;OK;235.7105;OK;-1.63684;OK;-2.400464;OK;41.56759;OK;-0.431955;OK;-0.2959737;OK;4.402387;OK;-34.18592;OK;150;OK;0.5238867;OK;0.5595313;OK;0.01782329;OK;OK;412.2447;OK;13.19183;OK;86.4958;OK;-1.491558;OK;OK;258.8849;OK;-1.461222;OK;OK;6.687331;OK;12173312;OK
3/21/2026 3:00:00 AM;185;OK;1.927778;OK;210.2585;OK;-1.665139;OK;-0.9714119;OK;40.48785;OK;-0.4140239;OK;-0.3062106;OK;4.380495;OK;-34.47443;OK;150;OK;0.5153797;OK;0.5588315;OK;0.02028485;OK;OK;409.23;OK;13.09536;OK;85.86716;OK;-1.489979;OK;OK;259.0325;OK;-1.463938;OK;OK;6.681379;OK;12173312;OK
3/21/2026 3:20:00 AM;186;OK;4.279664;OK;211.9498;OK;-3.631346;OK;-2.264696;OK;36.53976;OK;-0.4121588;OK;-0.295916;OK;4.732223;OK;-33.96595;OK;150;OK;0.5078514;OK;0.5695826;OK;0.02025454;OK;OK;413.7496;OK;13.23999;OK;86.8198;OK;-1.488279;OK;OK;258.8692;OK;-1.463778;OK;OK;6.687331;OK;12173312;OK
3/21/2026 3:40:00 AM;187;OK;4.287833;OK;216.3138;OK;-3.455074;OK;-2.539287;OK;34.09545;OK;-0.4070806;OK;-0.2863038;OK;4.398968;OK;-34.30072;OK;150;OK;0.4978833;OK;0.5366834;OK;0.01803534;OK;OK;413.8047;OK;13.24175;OK;86.82073;OK;-1.492481;OK;OK;258.8095;OK;-1.464373;OK;OK;6.687331;OK;12173312;OK
3/21/2026 4:00:00 AM;188;OK;3.384302;OK;203.2253;OK;-3.110043;OK;-1.334592;OK;33.85429;OK;-0.4297298;OK;-0.2401562;OK;4.848719;OK;-34.86501;OK;150;OK;0.4926419;OK;0.53008;OK;0.01674723;OK;OK;415.0157;OK;13.2805;OK;87.09887;OK;-1.482988;OK;OK;258.8822;OK;-1.456469;OK;OK;6.669473;OK;12173312;OK
3/21/2026 4:20:00 AM;189;OK;3.629437;OK;191.6524;OK;-3.554638;OK;-0.7330511;OK;33.78719;OK;-0.3655585;OK;-0.2885627;OK;4.548623;OK;-35.61636;OK;150;OK;0.466069;OK;0.5120549;OK;0.01865154;OK;OK;394.3309;OK;12.61859;OK;82.75035;OK;-1.486078;OK;OK;258.9093;OK;-1.458725;OK;OK;6.681379;OK;12173312;OK
3/21/2026 4:40:00 AM;190;OK;4.187147;OK;189.1461;OK;-4.133912;OK;-0.6655608;OK;37.71178;OK;-0.3189401;OK;-0.3417947;OK;4.401861;OK;-35.2637;OK;150;OK;0.468141;OK;0.5410409;OK;0.03153097;OK;OK;415.4049;OK;13.29296;OK;87.18725;OK;-1.480371;OK;OK;258.9583;OK;-1.454622;OK;OK;6.675426;OK;12173312;OK
3/21/2026 5:00:00 AM;191;OK;6.285985;OK;174.228;OK;-6.254115;OK;0.6321843;OK;38.87661;OK;-0.2948231;OK;-0.3922204;OK;4.447511;OK;-36.62191;OK;150;OK;0.4914349;OK;0.713267;OK;0.0910621;OK;OK;415.5646;OK;13.29807;OK;87.23454;OK;-1.474955;OK;OK;258.8769;OK;-1.447596;OK;OK;6.675426;OK;12173312;OK
3/21/2026 5:20:00 AM;192;OK;5.754625;OK;184.861;OK;-5.733927;OK;-0.487642;OK;41.42415;OK;-0.372271;OK;-0.3882697;OK;4.59742;OK;-39.2612;OK;150;OK;0.538121;OK;0.5898349;OK;0.02347025;OK;OK;414.6864;OK;13.26996;OK;86.91998;OK;-1.52635;OK;OK;258.8468;OK;-1.498474;OK;OK;6.681379;OK;12177408;OK
3/21/2026 5:40:00 AM;193;OK;6.382707;OK;176.5636;OK;-6.371231;OK;0.3825825;OK;42.41928;OK;-0.4046522;OK;-0.3768215;OK;4.29454;OK;-38.94965;OK;150;OK;0.5531878;OK;0.6010083;OK;0.022713;OK;OK;414.2374;OK;13.2556;OK;86.78718;OK;-1.541637;OK;OK;258.9081;OK;-1.514994;OK;OK;6.687331;OK;12177408;OK
